页码,识别文字,置信度,左上角坐标,右下角坐标
1,1,0.1157,[235   9],[272  39]
1,规范汉字7000字,0.9959,[369   4],[737  49]
1,行楷,0.9887,[1880    4],[1983   66]
1,推手临,0.1511,[2010    8],[2154   59]
1,通用规范汉字表（一级字表）,0.9982,[484 192],[1859  299]
1,《通用规范汉字表》是落实《国家通用语言文字法》，满足当今信息时代汉字应用需要的基础规范。,0.9961,[321 384],[2100  433]
1,《通用规范汉字表》分为三级，不同级别的汉字，通行度不同，作用也有明显不同，下面我们选取了使用,0.9846,[237 446],[2095  489]
1,频率最高的一级字表，主要满足基础教育和文化普及的用字需要。,0.9959,[241 505],[1555  546]
1,二十丁厂七卜八,0.8114,[915 608],[2110  771]
1,邦,0.0703,[435 637],[535 759]
1,2,0.9213,[600 642],[717 741]
1,2画,0.9976,[739 650],[872 714]
1,画,0.9994,[274 664],[358 714]
1,K,0.314,[315 749],[ 322 1002]
1,入儿匕几九习了刀力乃,0.906,[388 765],[2118  949]
1,又,0.9904,[250 928],[ 385 1109]
1,三干于亏工土士才,0.9468,[565 932],[2004 1119]
1,3画,0.9953,[415 995],[ 534 1059]
1,寸大丈与万上小口,0.9282,[ 215 1092],[1665 1295]
1,S,0.0517,[1418 1192],[1432 1195]
1,乞川亿个夕久么勺凡丸,0.8486,[ 209 1270],[2049 1461]
1,广,0.9691,[ 246 1440],[ 359 1644]
1,弓,0.5371,[1980 1479],[2094 1616]
1,4画,0.9881,[1953 1673],[2127 1823]
1,区,0.9997,[1772 2010],[1944 2173]
1,2,0.1883,[1989 2113],[2125 2328]
1,\,0.779,[ 225 2154],[ 339 2328]
1,友,0.9994,[ 392 2197],[ 521 2328]
1,尤,0.9891,[ 569 2200],[ 693 2328]
1,匹,0.9854,[ 746 2195],[ 865 2328]
1,车,0.9968,[ 924 2207],[1040 2328]
1,牙屯,0.998,[1274 2199],[1691 2328]
1,巨,0.9928,[1095 2211],[1223 2328]
1,戈,0.9438,[1640 2218],[1756 2327]
1,比,0.9835,[1825 2231],[1926 2327]
2,迪用,0.8865,[186   0],[317  72]
2,规范汉字7000字,0.9738,[323   3],[726  61]
2,[行楷]教学版,0.9526,[1870   10],[2160   87]
2,切瓦止少曰日中贝冈内水,0.9355,[190  93],[2160  285]
2,什片仆化仇币仍仅斤爪反,0.9775,[196 433],[2160  650]
2,元方火为斗忆计订户认冗,0.9359,[205 961],[2155 1167]
2,予邓劝双书幻,0.9629,[ 195 1307],[1243 1494]
2,5画,0.9982,[1257 1363],[1391 1447]
2,示击打巧正扑卉扒功扔,0.9663,[ 189 1471],[1965 1680]
2,石右布夯戊龙平灭轧东卡,0.961,[ 189 1855],[2090 2025]
2,入笔迅速,0.9756,[ 270 2089],[ 428 2135]
2,点末带钩以启下,0.9927,[ 700 2095],[1018 2132]
2,下钩点,0.9633,[ 157 2106],[ 204 2240]
2,部。笔尖由轻至重向右,0.9963,[ 620 2150],[1019 2185]
2,下入纸，至末向左下出,0.9847,[ 620 2204],[1017 2238]
2,京京京,0.9973,[1073 2214],[1542 2336]
2,钩。,0.983,[ 613 2254],[ 688 2307]
2,微信号：shufa,0.9629,[1756 2255],[2159 2338]
2,折钩干脆,0.9883,[ 357 2266],[ 515 2308]
3,通用,0.9939,[173   0],[312  87]
3,规范汉字7000字,0.997,[309  14],[712  68]
3,[行楷]教学版,0.8931,[1846    9],[2137   86]
3,北占凸卢业旧帅归旦目,0.9672,[179  98],[2002  278]
3,且,0.9722,[1937  112],[2115  261]
3,叶甲申叮电号田,0.9754,[174 263],[1467  471]
3,p,0.767,[1106  418],[1212  651]
3,央兄叽叼叫,0.8957,[180 446],[1114  614]
3,叨另,0.965,[1233  442],[1617  606]
3,叹冉,0.9002,[1594  453],[1933  607]
3,代仙们仪白仔他斥瓜乎丛,0.9568,[177 773],[2125  984]
3,令用甩印尔乐句匆册卯,0.9352,[187 952],[2012 1146]
3,犯冯它司皮丝,0.9692,[1918  955],[2155 2053]
3,外处冬鸟务包饥主市立,0.9889,[ 194 1126],[1976 1314]
3,玄闪兰半汁汇头汉宁穴,0.9786,[ 200 1292],[1951 1476]
3,讨写让礼训议必讯记永,0.9773,[ 190 1450],[1959 1647]
3,尼民弗弘出辽奶奴召加,0.9607,[ 186 1628],[2001 1827]
3,边孕发圣对台矛纠母幼,0.9908,[ 187 1794],[1987 2009]
3,邦式迁刑戎动扛寺吉,0.9359,[ 350 1969],[2010 2187]
3,扣,0.9885,[1980 2011],[2122 2158]
4,通用,0.9911,[186   0],[320  81]
4,规范汉字7000字,0.9948,[317   9],[729  66]
4,[行楷]教学版,0.9279,[1872   12],[2160   90]
4,耳芊共芒亚芝朽朴机权过,0.965,[194  95],[2160  272]
4,协西压厌成在百,0.9526,[709 263],[1997  455]
4,吏而,0.9735,[389 282],[538 670]
4,再,0.9752,[555 287],[804 450]
4,页,0.9767,[578 423],[706 628]
4,匠夸夺灰,0.9949,[715 421],[1455  663]
4,列,0.9987,[1642  463],[1794  609]
4,死,0.9987,[1793  457],[2022  614]
4,此,0.9958,[1813  630],[1973  807]
4,至,0.984,[1591  661],[1807  770]
4,尘尖劣光当早吁,0.7542,[358 779],[1680 1009]
4,下,0.421,[1806  800],[1967  962]
4,吐,0.9993,[1594  814],[1779  968]
4,岁帆回岂则刚网肉年朱,0.9723,[ 342 1136],[2160 1356]
4,伊,0.9993,[1988 1682],[2141 1858]
4,血向似后行舟全会杀合兆,0.9626,[ 210 1863],[2155 2043]
4,横向排列的两个点,0.9983,[ 714 2070],[1035 2116]
4,横连点,0.9218,[ 194 2107],[ 240 2235]
4,用笔轻灵,0.9782,[ 302 2099],[ 451 2145]
4,视情况可以连带书写，注,0.9931,[ 635 2126],[1036 2170]
4,意笔画的起伏，呈流动,0.9893,[ 637 2182],[1033 2222]
4,状，书写时注意各点主次,0.9845,[ 633 2234],[1030 2274]
4,志志志,0.9733,[1105 2232],[1561 2326]
4,牵丝不可极,0.8299,[ 392 2279],[ 579 2321]
4,微信号,0.9875,[1781 2272],[1960 2325]
4,分明，牵丝可断可连,0.9774,[ 629 2287],[ 964 2325]
5,通用,0.9715,[171   0],[305  72]
5,规范汉字7000字,0.9962,[306   4],[715  57]
5,[行楷]服学版,0.873,[1871    3],[2157   77]
5,企众爷伞创肌肋朵杂危旬,0.953,[175  86],[2160  257]
5,灯宇,0.9119,[172 746],[ 350 1137]
5,州汗污江汛池汝汤忙兴,0.9629,[292 752],[2160  983]
5,守宅字安讲讳军讶许讹,0.9809,[336 942],[2160 1131]
5,讼农讽设访诀寻那迅尽,0.979,[ 343 1105],[2160 1305]
5,买,0.9965,[2003 1453],[2151 1623]
5,红驮纤驯约级纪驰纫巡,0.9137,[ 149 1608],[1999 1839]
5,画,0.7031,[1999 1682],[2149 1792]
5,运扶抚坛技坏抠扰扼拒,0.9309,[ 323 1982],[2160 2181]
5,找,0.9932,[ 152 2161],[ 365 2328]
5,批址扯走抄,0.9938,[ 329 2177],[1241 2332]
5,贡录坝攻赤,0.95,[1226 2182],[2151 2332]
6,通用,0.7769,[167   0],[308  75]
6,规范汉字7000字,0.9938,[301   4],[713  57]
6,[行楷]教学版,0.9333,[1876    2],[2160   76]
6,折抓扳抡扮抢孝坎均抑抛,0.8897,[170  94],[2160  254]
6,投坟坑抗坊抖护壳志块扭,0.9738,[173 273],[2160  436]
6,声把报拟却抒劫芙芜苇芽,0.9331,[159 426],[2160  641]
6,豆,0.8537,[1865  922],[1917 1190]
6,还尬歼来,0.9576,[1237 1118],[1992 1333]
6,里,0.1848,[ 416 1435],[ 456 1710]
6,呆吱吠呕园旷围呀吨,0.9808,[ 466 1463],[2160 1685]
6,纵向排列的两个点,0.9985,[ 691 2049],[1014 2093]
6,22,0.5796,[1100 2052],[1540 2133]
6,纵连点,0.992,[ 151 2089],[ 212 2218]
6,两点对正，在,0.8945,[ 306 2080],[ 515 2121]
6,视情况可连带书写，或,0.9878,[ 607 2103],[1015 2145]
6,一条直线上,0.9976,[ 308 2116],[ 496 2161]
6,者笔断而意连，书写时,0.9922,[ 611 2157],[1014 2196]
6,~,0.483,[ 373 2167],[ 441 2269]
6,应注意各点主次分明，,0.9935,[ 608 2209],[1011 2247]
6,冬冬冬,0.9986,[1068 2200],[1560 2330]
6,微信号：shufa,0.9649,[1755 2248],[2159 2333]
6,整体呈流动状。,0.9962,[ 611 2261],[ 875 2302]
7,通用规范汉字7000字,0.8923,[163   0],[722  99]
7,ODOT,0.6067,[1653   10],[1796   56]
7,[行楷]学版,0.8766,[1868    8],[2160   99]
7,秃秀私每兵估体何佐佑但,0.969,[164 249],[2160  472]
7,希,0.9997,[1993  628],[2132  786]
7,龟甸免狂犹狈角,0.9382,[163 950],[1503 1169]
7,删条彤卵,0.9961,[1417  948],[2160 1170]
7,,0.0,[1960 1043],[1971 1050]
7,灸岛刨迎饭饮系,0.9892,[ 168 1143],[1434 1321]
7,状,0.9994,[1799 1156],[1968 1306]
7,辛弃冶忘闺闲间闷判兑灶,0.9441,[ 158 1462],[2160 1691]
7,灿灼弟汪沐沛汰沥沙汽沃,0.9475,[ 167 1651],[2160 1859]
7,沦汹泛沧没沟沪沈沉沁怀,0.9039,[ 159 1825],[2160 2045]
7,忧忱快完宋宏牢宪穷灾良,0.9685,[ 156 1980],[2160 2248]
7,证,0.9978,[ 182 2181],[ 325 2328]
7,启评补初社祀识诈诉,0.9538,[ 368 2216],[1956 2328]
7,罕,0.8581,[2010 2223],[2118 2328]
8,0,0.2777,[162   0],[722  89]
8,[行楷]教学版,0.9157,[1867    3],[2160   84]
8,诊词译君灵即层屁尿尾迟,0.9896,[169  98],[2160  280]
8,坠鸡纹现评,0.8351,[1924  243],[2160 1170]
8,妙妖姊妨妒努忍劲矣,0.9668,[321 452],[1989  623]
8,驱纯纱纲纳驳纵纷纸,0.9841,[342 610],[1989  805]
8,奉玩环武青责,0.9802,[881 775],[1987  982]
8,8画,0.9976,[733 845],[866 919]
8,拌拧拂拙招坡披拨择,0.8533,[ 302 1465],[1983 1669]
8,拗其取莱苦昔苛若茂,0.9282,[ 315 1646],[1971 1828]
8,苗英苟苑苞范直茧茄茎苔,0.9372,[ 183 1826],[2130 1999]
8,下钩横,0.9847,[ 170 2081],[ 228 2214]
8,起笔轻灵,0.867,[ 292 2076],[ 443 2119]
8,横末加钩以启下,0.9784,[ 708 2126],[1033 2170]
8,部，保留横画主笔形态。,0.9885,[ 629 2184],[1033 2224]
8,天天天,0.9992,[1105 2212],[1573 2308]
8,折钩于脆,0.6392,[ 412 2258],[ 565 2304]
9,通用,0.9943,[170   0],[309  80]
9,规范汉字7000字,0.9922,[301   8],[710  59]
9,[行楷]服学,0.9133,[1879    0],[2160   81]
9,茅枉林枝杯枢柜枚析板松,0.9529,[176  92],[2160  257]
9,枪枫构杭杰述枕丧或画卧,0.961,[173 261],[2160  454]
9,刺枣雨卖郁矾矿码厕奈,0.9437,[332 438],[2084  633]
9,,0.0,[1966  431],[2160 1362]
9,奇奋态欧殴垄妻轰顷,0.9447,[306 606],[2056  809]
9,虎虏肾贤尚旺具味果昆国,0.9313,[159 952],[2078 1176]
9,牧物乖刮秆和季委秉佳侍,0.9683,[ 144 1811],[2160 2094]
9,岳供使例侠侥版侄侦侣侧,0.9707,[ 158 2008],[2157 2264]
9,电,0.5948,[1261 2265],[1356 2330]
9,20,0.8138,[1447 2284],[1529 2329]
10,通用,0.9937,[172   0],[312  84]
10,规范汉字7000字,0.9977,[302   7],[720  65]
10,3000,0.622,[1627    7],[1803   64]
10,[行楷]教学庭,0.8432,[1865    6],[2160   86]
10,征往爬彼径所舍金刹命肴,0.9852,[181 105],[2154  260]
10,斧爸采觅受乳贪念贫忿肤,0.9523,[170 269],[2160  459]
10,肺周铜疙育炕沮泥,0.8851,[158 369],[ 377 1856]
10,放,0.9964,[1817  938],[1966 1126]
10,剂,0.9951,[576 948],[ 687 1163]
10,育,0.6614,[1572 1019],[1826 1079]
10,炬,0.9267,[1649 1132],[1760 1312]
10,沫浅法泄沽河沾,0.993,[ 673 1279],[2005 1494]
10,炉,0.9975,[ 555 1313],[ 755 1479]
10,泪,0.9316,[1946 1313],[2160 1458]
10,沸治波泼泽治忆怯怖性,0.854,[ 339 1658],[2156 1825]
10,怕怜怪怡学宝,0.9855,[ 188 1838],[1264 1993]
10,运笔与两连横相,0.9986,[ 719 2020],[1052 2060]
10,,0.0,[1117 2023],[1231 2162]
10,中,0.1924,[1468 2019],[1590 2322]
10,牵丝可断,0.9698,[ 270 2084],[ 427 2128]
10,似，三横为主，连线为,0.9831,[ 639 2077],[1050 2113]
10,三连横,0.9893,[ 180 2097],[ 242 2226]
10,\,0.4821,[ 351 2141],[ 556 2237]
10,辅，行笔一方面要体现,0.9914,[ 642 2132],[1053 2164]
10,横画的长短、正斜变化，,0.9649,[ 641 2183],[1050 2216]
10,丰,0.9985,[1122 2179],[1228 2322]
10,另一方面还要体现书写,0.9985,[ 643 2237],[1050 2268]
10,三横等距,0.9934,[ 359 2270],[ 514 2313]
10,的流动性,0.9984,[ 643 2289],[ 814 2322]
11,通用,0.969,[177   0],[312  75]
11,规范汉字7000字,0.9961,[310   5],[717  57]
11,[行楷]教学版,0.9611,[1871    6],[2160   92]
11,衫视祈话诞诡询该详,0.9434,[524 254],[2160  454]
11,录,0.9955,[557 421],[699 612]
11,居届刷,0.9556,[1247  425],[1804  621]
11,隶,0.9901,[728 442],[879 606]
11,帚陋,0.7854,[885 435],[1083  788]
11,弧,0.9876,[2016  442],[2134  635]
11,屈,0.9587,[1816  453],[2051  612]
11,展,0.0727,[1030  501],[1300  548]
11,陌孤,0.9951,[1078  585],[1436  814]
11,,0.0,[1986  593],[2160  992]
11,函,0.8562,[1841  605],[1947  827]
11,陕,0.9911,[1455  626],[1620  779]
11,降,0.9987,[1633  632],[1789  781]
11,妹艰,0.9576,[183 751],[ 364 1164]
11,朱姑姐姓妮始姆迢驾,0.8861,[271 780],[1815  985]
11,参,0.7045,[1817  817],[1969  962]
11,契贰奏,0.9928,[1441 1157],[1991 1338]
11,画6,0.8866,[1281 1204],[1416 1286]
11,拷拱项垮挎城挟挠政赴,0.8856,[ 329 1485],[2160 1732]
11,指垫挣挤拼挖按挥挪拯某,0.9356,[ 144 1834],[2160 2100]
11,荆茸革茬荐苍带草茧茵,0.8009,[ 328 2046],[2160 2280]
11,开,0.2261,[ 197 2250],[ 278 2308]
11,开,0.4527,[ 369 2258],[ 454 2309]
12,通用规范汉字7000字,0.9257,[164  10],[715 117]
12,[行楷]教学版,0.893,[1859   15],[2160   83]
12,南药标栈柑枯柄栋相查柏,0.9743,[176 122],[2149  258]
12,栅柳柱柿栏柠树勃要柬咸,0.9436,[160 271],[2160  460]
12,砍,0.9791,[1980  412],[2141  610]
12,砚,0.9146,[1800  436],[1971  605]
12,牵,0.1716,[775 579],[835 862]
12,鸥残殃轴轻鸦,0.9961,[848 605],[1985  798]
12,冒,0.9991,[1796  976],[1954 1125]
12,哆咬咳味哪哟炭峡罚,0.8472,[ 330 1469],[1991 1669]
12,贻骨幽钙钝钞钟钢钠,0.959,[ 330 1635],[2015 1845]
12,钦钩钩钮卸缸拜看矩毡氢,0.8158,[ 177 1845],[2151 2005]
12,主笔动健,0.8767,[ 374 2084],[ 526 2127]
12,右钩竖,0.9158,[ 174 2104],[ 232 2228]
12,竖末带钩以启右,0.9915,[ 710 2112],[1041 2151]
12,部，主要位于字的左侧，,0.9743,[ 630 2167],[1037 2207]
12,竖为主，钩为次。,0.971,[ 629 2224],[ 936 2262]
12,优优优,0.9903,[1094 2221],[1593 2323]
12,钩笔轻页,0.6327,[ 351 2270],[ 502 2314]
13,通用规范汉字7000字,0.9892,[177   0],[731  59]
13,[行楷]教学版,0.8532,[1870    0],[2159   59]
13,怎牲选适秒香种秋科重复,0.9847,[188  80],[2150  238]
13,逃食盆胚胧胆胜胞胖脉,0.8965,[348 748],[2160  962]
13,怨哀姿养逆洁洽,0.8878,[1975  905],[2160 2171]
13,姜叛送类迷籽娄前首,0.9665,[ 342 1626],[2011 1829]
13,洒柒浇浊洞测洗活派,0.9193,[ 356 2019],[1960 2145]
13,浏济洋洲浑浓津恃,0.9806,[ 502 2182],[1993 2310]
13,染洛,0.9317,[ 201 2195],[ 561 2310]
13,恒,0.9939,[1990 2186],[2118 2302]
14,高,0.1666,[170   0],[303  70]
14,规范汉字7000字,0.9952,[301   1],[709  54]
14,[行楷]教学版,0.9334,[1860    0],[2157   62]
14,恢恍恬恤恰恼恨举觉宣宦,0.973,[174  92],[2135  226]
14,袄祖神祝祠误诱诲说诵,0.9179,[332 421],[2153  603]
14,退既屋昼屏屎费陡逊眉,0.9489,[327 584],[2157  789]
14,陨除险院娃姥姨姻娇姚,0.9592,[312 767],[2160  951]
14,耕耘耗耙艳泰秦,0.9768,[ 882 1261],[2160 1489]
14,骇统,0.9816,[ 276 1297],[ 727 1458]
14,10画,0.9972,[ 726 1338],[ 889 1412]
14,小捕,0.5585,[1987 1378],[2149 1634]
14,未班素匿蚕顽盏匪捞栽,0.9108,[ 272 1463],[2076 1640]
14,捂振载赶起盐捎捍捏埋,0.9797,[ 308 1648],[2158 1806]
14,捉捆捐损袁捌都哲逝捡挫,0.9512,[ 171 1826],[2154 1989]
14,lu,0.9472,[1100 2003],[1263 2143]
14,lu,0.9454,[1279 2002],[1441 2142]
14,lu,0.9403,[1437 1998],[1578 2140]
14,三坚等距,0.8771,[ 349 2042],[ 505 2081]
14,运笔与两连竖相,0.9986,[ 714 2061],[1048 2099]
14,三连竖,0.9903,[ 166 2077],[ 227 2216]
14,1o10,0.4659,[ 372 2079],[ 468 2120]
14,m,0.8327,[ 360 2123],[ 483 2197]
14,似，三笔可连可断，各,0.9756,[ 633 2118],[1049 2152]
14,有情趣，整体形态宜舒,0.9954,[ 637 2172],[1047 2204]
14,训,0.9957,[1277 2165],[1425 2303]
14,训,0.9964,[1100 2180],[1240 2304]
14,l,0.623,[1452 2172],[1594 2300]
14,展连贯。,0.962,[ 635 2223],[ 784 2269]
14,未竖可用悬针,0.9038,[ 274 2264],[ 511 2304]
15,通用,0.9145,[175   0],[315  77]
15,规范汉字7000字,0.9969,[314   7],[722  56]
15,[行楷],0.8929,[1868    3],[2036   76]
15,教学版,0.9246,[2026   13],[2159   68]
15,换挽挚热恐捣壶捅埃挨耻,0.9169,[184  99],[2154  237]
15,耿耽聂恭莽莱莲莫莉荷获,0.9825,[169 253],[2160  439]
15,索哥速逗栗贾酌配翅,0.8659,[310 765],[2062  957]
15,夏,0.9311,[397 894],[ 480 1147]
15,一,0.0655,[411 913],[438 945]
15,砸砰砾础破原套逐,0.9752,[524 941],[1983 1126]
15,晌剔晕蚌畔蚣蚊蚪蚓哨,0.9358,[ 317 1451],[2160 1648]
15,啊赂,0.7337,[1966 1599],[2160 2167]
15,圃哭哦恩鸯唤唁哼唧,0.9191,[ 310 1609],[2000 1843]
15,峭峨峰圆峻贼贿,0.9773,[ 683 1785],[1980 2004]
15,罢,0.9937,[ 490 1819],[ 679 1976]
15,钻钾铁铃铅缺氧,0.993,[ 679 1965],[1971 2169]
15,钳,0.9798,[ 509 2008],[ 751 2151]
15,特,0.9978,[ 128 2165],[ 274 2324]
16,[行楷]教学版,0.8506,[1846    8],[2160   91]
16,秘透笔笑笋债借值倚俺倾,0.9789,[156 140],[2159  275]
16,臭航,0.8758,[1959  242],[2158  642]
16,,0.0,[313 902],[324 909]
16,烦烧烛烟烙递涛浙涝浦酒,0.9015,[ 179 1845],[2137 2004]
16,,0.0,[1087 2025],[1624 2155]
16,附钩撇,0.8194,[ 164 2097],[ 219 2230]
16,附沟自然干脆,0.8753,[ 304 2097],[ 345 2308]
16,长撇写完后顺势提,0.9673,[ 705 2105],[1033 2144]
16,1,0.352,[ 389 2121],[ 489 2251]
16,横笔有键,0.3975,[ 513 2117],[ 559 2262]
16,钩以启上部，笔断意连，,0.9863,[ 623 2162],[1029 2198]
16,九九九,0.9986,[1087 2201],[1589 2325]
16,整体形态开阔，舒展。,0.9852,[ 622 2219],[1012 2251]
17,通用,0.9973,[140   0],[272  78]
17,WOOE,0.3445,[1501   10],[1603   49]
17,[行楷]教学版,0.8766,[1673    2],[1940   90]
17,规范汉字7000字,0.993,[264  13],[640  63]
17,涉消涡浩海涂浴浮涣涤流,0.9805,[154 101],[1932  250]
17,润涧涕浪浸涨烫涩涌悖悟,0.977,[152 275],[1932  443]
17,扇冤,0.9907,[1763  576],[1941  965]
17,窄客宰案请朗诸诺读,0.9084,[265 616],[1785  806]
17,谅谆谈谊剥恳展剧屑弱陵,0.951,[133 958],[1957 1159]
17,难预桑绢绣验继骏,0.9818,[ 142 1309],[1454 1503]
17,11画,0.9965,[1455 1376],[1611 1451]
17,理琉琅捧堵措描域捺掩捷,0.9378,[ 128 1467],[1969 1703]
17,排焉掉捶赦堆推埠掀授捻,0.9163,[ 135 1666],[1961 1883]
17,教掏捣掠掂培接掷控探据,0.8983,[ 133 1827],[1958 2083]
17,掘掺职基聆勘聊娶著菱勒,0.9245,[ 132 2015],[1957 2273]
17,黄菲萌,0.9839,[ 142 2212],[ 615 2330]
17,女,0.1262,[1163 2286],[1230 2321]
18,通用规范汉字,0.9773,[178   0],[539  49]
18,7000字,0.999,[540   0],[718  42]
18,[行楷],0.9304,[1866    0],[2023   67]
18,万安祥,0.1235,[2003    4],[2159   61]
18,菠萤营乾萧萨菇械彬梦婪,0.9331,[174  59],[2160  257]
18,曹爽雀啪,0.9621,[1946  230],[2160  962]
18,梧梢梅检梳梯桶梭救,0.9761,[350 250],[1992  430]
18,,0.0,[1932  302],[2027  363]
18,婴圈铐铛铝铜铭铲银,0.9393,[ 345 1431],[1993 1643]
18,第敏做袋悠偿偶偎偷您售,0.8979,[ 174 1787],[2147 1995]
18,变楷书捺的一波三,0.9896,[ 712 2015],[1041 2060]
18,收笔宜迅速,0.9665,[ 340 2067],[ 527 2106]
18,折为一长顿笔，简捷明,0.9946,[ 631 2073],[1038 2111]
18,反擦,0.6079,[ 171 2090],[ 227 2173]
18,快，与长点相似，笔画长,0.9881,[ 630 2128],[1038 2164]
18,关吴关,0.7393,[1099 2166],[1588 2315]
18,短、方向依字而定，书写,0.9859,[ 630 2181],[1037 2216]
18,附钩回带干脆,0.9129,[ 318 2219],[ 546 2254]
18,起来比正捺要灵活。,0.9737,[ 626 2234],[ 959 2274]
19,[行楷]教学版,0.8902,[1861    2],[2160   76]
19,停偏躯兜假衅徘徙得衔盘,0.963,[167 109],[2149  254]
19,舶船舵斜盒鸽敛悉欲彩领,0.9689,[173 275],[2160  440]
19,猪毫鹿着焕,0.978,[1964  379],[2156 1332]
19,猎猫凰猖猛祭馅馆凑减,0.9521,[171 609],[1981  799]
19,庶麻庵痊痒痕廊康庸,0.8754,[263 780],[1967  971]
19,阎阐,0.8771,[1600  956],[1984 1132]
19,,0.0,[1961 1574],[2160 2181]
19,1,0.0432,[1898 1736],[1975 1730]
19,宿窒,0.8049,[ 354 1985],[ 742 2197]
19,窑密谋谋谎谐狱,0.8886,[ 699 1995],[1980 2166]
19,谚谜逮敢尉屠弹,0.9828,[ 523 2175],[1781 2330]
19,堕,0.9898,[1986 2167],[2131 2330]
19,隋,0.9946,[1807 2183],[1994 2328]
19,祸,0.9943,[ 182 2206],[ 357 2330]
19,谓,0.9972,[ 363 2208],[ 505 2328]
20,通用,0.9903,[155   5],[333 115]
20,[行楷],0.9516,[1825   21],[1988   95]
20,规范汉字7000字,0.9967,[288  34],[696  87]
20,教学版,0.7087,[1980   37],[2118   87]
20,随蛋隅隆隐婚婶婉颇颈绩,0.9699,[164 119],[2111  271]
20,琴琳琢琼斑替,0.9757,[868 447],[1940  636]
20,12画,0.9988,[701 504],[861 571]
20,款堪塔搭堰揩越趁趋超,0.8589,[144 597],[1941  818]
20,酣酥厨厦硬硝确硫雁殖裂,0.9751,[ 165 1835],[2113 1999]
20,风1,0.5211,[1254 2036],[1390 2336]
20,2,0.6708,[1448 2067],[1554 2173]
20,顾名思义，即撇捺,0.9436,[ 695 2078],[1019 2118]
20,8,0.4855,[1074 2080],[1210 2114]
20,撇擦结,0.6248,[ 152 2096],[ 213 2228]
20,绕圈连写，运笔要有节,0.9868,[ 614 2133],[1016 2173]
20,区,0.9963,[1442 2172],[1556 2320]
20,奏，有重有轻，有快有,0.9891,[ 614 2187],[1019 2225]
20,区,0.9999,[1092 2200],[1195 2325]
20,一般用反捺,0.8158,[ 329 2242],[ 522 2281]
20,慢，整体形态圆转自然。,0.9918,[ 612 2242],[1020 2278]
20,且带附钩,0.9095,[ 329 2281],[ 483 2321]
21,通用,0.9412,[161   0],[294  79]
21,规范汉字7000字,0.9915,[290   4],[677  69]
21,[行楷],0.897,[1760   11],[1914   86]
21,教学版,0.9036,[1888   17],[2037   81]
21,雄颊雳暂雅翘辈悲紫凿辉,0.9812,[174  99],[2018  260]
21,敞棠赏掌晴睐暑最晰量鼎,0.9604,[166 270],[2016  446]
21,鹃喂喘喉喻啼喧嵌幅帽赋,0.99,[165 784],[2008  946]
21,锅锈锋锌锐甥掰短智氮毯,0.9473,[ 162 1117],[2027 1309]
21,蛮,0.7248,[1916 1924],[2085 2166]
21,鲁猩猬猾猴惫然馈馋装,0.9796,[ 161 2010],[1916 2168]
21,善,0.9967,[1947 2153],[2081 2324]
21,就敦斌痘痢痪痛童竣阔,0.9145,[ 167 2174],[1916 2324]
22,迪用,0.7743,[160   0],[290  75]
22,规范汉字7000字,0.9682,[285   6],[656  59]
22,00oT,0.4285,[1472    4],[1626   50]
22,[行楷]教学版,0.9544,[1695    4],[1958   75]
22,翔羡普粪尊奠道遂曾焰港,0.8903,[170  99],[1946  241]
22,隔隙隘媒絮嫂媚婿登缅缆,0.9328,[ 148 1118],[1971 1311]
22,缉缎缓缔缕骗编骚缘,0.9491,[ 155 1308],[1638 1454]
22,瑟,0.9899,[1812 1312],[1953 1446]
22,13画,0.998,[1641 1337],[1790 1408]
22,鼓摆携搬摇搞塘摊聘斟蒜,0.9161,[ 154 1652],[1963 1812]
22,勤靴靶鹊蓝墓幕蓬蓄蒲蓉,0.9631,[ 162 1847],[1953 1979]
22,\,0.2304,[1330 2030],[1447 2186]
22,相当于草书的替代,0.9979,[ 645 2049],[ 951 2092]
22,之,0.8867,[1005 2042],[1120 2159]
22,流动线,0.9959,[ 137 2097],[ 193 2226]
22,指向不同,0.973,[ 464 2105],[ 507 2249]
22,符号，这种替代不改变,0.9919,[ 571 2107],[ 948 2147]
22,之,0.6647,[ 267 2130],[ 476 2238]
22,走,0.9916,[1172 2130],[1304 2320]
22,走,0.9818,[1329 2149],[1467 2310]
22,原有的形态，如“是”,0.959,[ 572 2165],[ 947 2198]
22,走,0.9963,[1011 2200],[1130 2320]
22,“走”“定”“楚”等字的,0.9633,[ 575 2218],[ 950 2252]
22,长短有别,0.9747,[ 285 2261],[ 433 2303]
22,下部可用流动线代替。,0.9786,[ 572 2272],[ 935 2309]
23,通用,0.9971,[146   0],[280  77]
23,规范汉字7000字,0.9978,[269  10],[651  73]
23,000a,0.7653,[1495   23],[1624   69]
23,[行楷]最学版,0.8845,[1686   29],[1957  110]
23,蒙蒸献椿禁楚楷榄想槐榆,0.9676,[167 109],[1944  268]
23,楼概赖酪酬感碍碘碑碎碰,0.959,[153 292],[1949  458]
23,碗碌尴雷零雾雹辐辑输,0.9759,[155 471],[1793  621]
23,鄙嗦愚暖盟歇暗暇照畸跨,0.9638,[143 796],[1972  988]
23,错锚锡锣锤锥锦键锯锰,0.987,[ 154 1333],[1859 1493]
23,辞稚稠颓愁筹签简筷毁,0.9837,[ 145 1496],[1802 1680]
23,腰腥腮腹腺鹏腾腿鲍猿颍,0.8941,[ 137 1828],[1947 2048]
23,触解煞雏馍馏酱禀痹廓痴,0.9718,[ 140 2019],[1927 2214]
23,,0.0,[1802 2232],[1888 2300]
23,卷,0.4534,[1158 2252],[1225 2303]
23,蛇,0.3117,[1316 2259],[1405 2305]
23,礼,0.1106,[1481 2261],[1566 2303]
23,兴,0.219,[1655 2253],[1728 2300]
24,[行楷]教学版,0.9115,[1697   75],[1972  148]
24,慈煤煌满漠滇源滤滥滔溪,0.971,[177 170],[1964  316]
24,溜漓滚溢溯滨溶溺梁滩慎,0.9518,[168 338],[1968  493]
24,誉塞寞窥窟寝谨补裸福谬,0.9409,[162 499],[1976  666]
24,静碧璃赘熬墙,0.9648,[822 847],[1810 1003]
24,14画,0.9991,[666 891],[809 954]
24,事,0.0797,[1730  893],[2023  950]
24,模槛榴榜榨榕歌遭酵酷酿,0.9736,[ 146 1323],[1989 1543]
24,酸碟碱碳磁愿需辖辗雌裳,0.8644,[ 146 1485],[1985 1691]
24,颗瞅墅嗽踊蜻蜡蝇蜘蝉嘛,0.9241,[ 154 1655],[1981 1855]
24,嘀赚锹锻镀舞舔稳熏箕算,0.9286,[ 171 1857],[1959 2008]
24,,0.0,[1010 2040],[1459 2160]
24,首撇右靠,0.8584,[ 272 2089],[ 417 2132]
24,两撇一短一长，第,0.9235,[ 657 2094],[ 956 2133]
24,双人旁,0.9911,[ 153 2107],[ 211 2232]
24,花,0.066,[ 338 2129],[ 407 2259]
24,二撇在第一搬的中部起,0.9459,[ 581 2148],[ 958 2187]
24,笔，竖画多用垂露竖，整,0.9724,[ 579 2201],[ 958 2243]
24,往往往,0.9966,[1002 2217],[1457 2332]
24,体字形要与“丝”部区别。,0.9457,[ 577 2260],[ 956 2297]
24,竖笔勿斜,0.8391,[ 313 2287],[ 455 2332]
25,通用,0.9969,[158   0],[288  80]
25,规范汉字7000字,0.9589,[285  14],[660  68]
25,[行楷]教学师,0.8652,[1708   16],[1976   82]
25,箩管箫舆僚僧鼻魄魅貌膜,0.9136,[176 102],[1962  251]
25,膊膀鲜疑孵馒裹敲豪膏遮,0.9461,[162 274],[1967  448]
25,慧撑撕撒撩趣趟撑撮,0.874,[ 483 1140],[1966 1304]
25,15画,0.9992,[ 324 1177],[ 471 1248]
25,撬播擒墩撞撤增撰聪鞋鞍,0.9392,[ 147 1285],[1974 1489]
25,蕉蕊蔬蕴横槽樱橡樟橄敷,0.9342,[ 136 1459],[1973 1670]
25,豌飘醋醇醉磕磊磅碾震霄,0.9243,[ 118 1636],[1879 1842]
25,踩踪蝶蝴蝠蝎蝌蝗蝙嘿,0.9034,[ 257 2016],[1949 2207]
25,嘱,0.9131,[  94 2207],[ 228 2313]
25,幅,0.8663,[ 277 2229],[ 413 2314]
25,黑镇镐镐靠稽稻黎稿,0.8573,[ 469 2225],[1926 2314]
26,通用,0.9929,[170   0],[303  84]
26,规范汉字7000字,0.9962,[291  12],[676  77]
26,S000,0.6188,[1532   37],[1634   73]
26,[行楷]教学版,0.9218,[1698   34],[1972  106]
26,稼箱篓箭篇僵躺僻德艘膝,0.9156,[161  94],[1972  283]
26,糊遵憋潜澎潮潭鲨澳,0.89,[332 459],[1812  635]
26,鹤擅,0.9065,[178 775],[ 355 1200]
26,鸟憨慰劈履豫缭,0.876,[262 805],[1324  983]
26,撼擂操,0.9613,[1472  808],[1965  974]
26,16画,0.9982,[1321  855],[1466  920]
26,夏燕蕾暮薛薇擎薪薄颠翰,0.8839,[264 986],[1971 1150]
26,橱橙橘整融瓢醒霍霎辙,0.9382,[ 304 1154],[1973 1329]
26,福,0.0906,[ 300 1230],[ 334 1255]
26,糙糖糕燃濒澡激懒憾懈窿,0.8873,[ 172 1859],[1958 2012]
26,3十,0.4184,[1015 2045],[1601 2165]
26,,0.0,[ 302 2076],[ 420 2301]
26,"三笔连写,前两笔",0.9447,[ 671 2095],[ 967 2134]
26,绞丝旁,0.8579,[ 176 2111],[ 227 2229]
26,一长一短，书写时强调,0.9853,[ 595 2152],[ 968 2187]
26,书写流畅、轻重有致，,0.9718,[ 597 2204],[ 964 2241]
26,纱纱纱,0.9891,[1019 2229],[1462 2322]
26,注意与“”相区别。,0.9201,[ 596 2258],[ 945 2297]
26,指向不同,0.9614,[ 297 2285],[ 440 2322]
27,[行楷]学版,0.929,[1694   36],[1985  105]
27,0,0.3568,[1511   48],[1621   83]
27,壁避缰缴,0.8639,[172 125],[832 296]
27,戴擦藉鞠藏藐,0.9852,[999 123],[1975  273]
27,17画,0.9974,[840 170],[983 237]
27,糟糠燥懦豁臀臂翼骤,0.9856,[322 828],[1813  980]
27,18画,0.9984,[1821  860],[1969  930]
27,鹰,0.9733,[1798  999],[1972 1150]
27,孽警蘑藻攀曝,0.9715,[ 988 1157],[1987 1335]
27,19画,0.9986,[ 831 1211],[ 977 1277]
27,鬓壤馨耀躁蠕,0.9675,[ 987 1503],[1979 1678]
27,20画,0.9987,[ 828 1553],[ 975 1615]
27,嚷巍籍鳞魔糯灌譬,0.9494,[ 306 1669],[1641 1849]
27,蠢,0.99,[1824 1680],[1960 1834]
27,21画,0.9983,[1645 1720],[1801 1789]
27,露霹躏黯髓赣,0.7908,[ 328 1835],[1315 2024]
27,囊镶瓠,0.7676,[1498 1864],[1961 2001]
27,22画,0.999,[1315 1899],[1467 1963]
27,罐,0.9958,[ 348 2043],[ 483 2184]
27,矗,0.9601,[ 686 2041],[ 813 2182]
27,23画,0.9987,[ 171 2067],[ 326 2141]
27,24画,0.9995,[ 504 2073],[ 650 2143]
27,一个人总得慷慨一点，才配受人感谢。,0.988,[ 276 2234],[1593 2321]
27,（托马斯·哈代）,0.9515,[1638 2274],[1922 2318]
28,通用,0.9933,[175  70],[302 163]
28,规范汉字7000字,0.9912,[300  95],[667 152]
28,000,0.8812,[1473   92],[1700  135]
28,[行楷,0.927,[1709   87],[1826  151]
28,教学版,0.9891,[1842   90],[1966  142]
28,警,0.0433,[1836  185],[1927  294]
28,禁,0.2958,[1180  206],[1734  284]
28,南长花,0.0897,[222 225],[662 301]
28,通用规范汉字表（二级字表）,0.9971,[430 290],[1709  384]
28,下面我们选取了《通用规范汉字表》使用频率低于前面一级字表的二级字表，一级和二级字表合,0.9915,[283 477],[1934  507]
28,起来的实用作用相当于原《现代汉语通用字表》。由于二级字表中所录的生字较前面的一级字表而言,0.9967,[197 532],[1932  562]
28,较不常见，我们在书写学习时要更加注意生僻字形，多练多记。,0.994,[197 587],[1283  624]
28,3画 兀弋子了幺,0.7003,[627 700],[1608  816]
28,元,0.3515,[1824  696],[1937  815]
28,X也,0.5973,[369 712],[685 814]
28,4画,0.9952,[1649  716],[1769  778]
28,2画,0.9952,[198 729],[315 795]
28,交,0.2896,[203 996],[ 327 1162]
28,卡门讣尹夫母,0.6945,[ 318 1026],[1472 1157]
28,邗,0.831,[1651 1018],[1822 1164]
28,5画,0.9945,[1483 1053],[1609 1118]
28,仁仕仟仡仫仞卮低犹刍邝,0.7174,[ 176 1331],[1988 1516]
28,祁汀讦让讪讫尻阡尕弁驭,0.6728,[ 170 1483],[1998 1691]
28,匡来玎玑邢圩坛圭扦圪,0.77,[ 342 1669],[1993 1864]
28,6画,0.9965,[ 197 1730],[ 311 1798]
28,梦亘库乔成乱晃曳发,0.6033,[ 173 2015],[1830 2210]
28,-,0.7737,[1780 2117],[1803 2133]
28,函图钇岳氯氛牝伎,0.6155,[ 198 2220],[1483 2328]
28,伛伢低,0.4947,[1472 2232],[1947 2328]
29,[行楷]教学版,0.9738,[1701   56],[1964  125]
29,仵怅伧伉伫白刚凤刎,0.5638,[183 117],[1957  283]
29,犷犸舛凫邬饧汕汔汐汲汜,0.7669,[179 290],[1971  467]
29,玕,0.3029,[1828  632],[1963  789]
29,画,0.7955,[1656  677],[1790  748]
29,芩,0.8698,[ 198 1141],[ 341 1334]
29,邺忐卤邺肝呋呒吃呔呖呃,0.541,[ 171 1474],[2008 1652]
29,肠吡町虬呗吽心吲帏岐岈,0.8009,[ 184 1675],[1988 1813]
29,岘岑岚兕图囫钊钉氤,0.7281,[ 179 1846],[1986 1994]
29,7,0.3225,[1069 2022],[1096 2172]
29,H,0.4026,[1389 2032],[1420 2162]
29,右部稍精高于左部,0.8673,[ 294 2092],[ 573 2132]
29,1,0.1202,[1166 2086],[1328 2114]
29,竹字头,0.9976,[ 177 2099],[ 230 2223]
29,"其形草化,如两小",0.9573,[ 677 2140],[ 976 2180]
29,从,0.2117,[ 368 2165],[ 472 2219]
29,人连写。,0.9537,[ 600 2195],[ 736 2237]
29,笑,0.9407,[1027 2211],[1179 2322]
29,笑,0.9878,[1371 2207],[1469 2323]
29,钩末可连带下部,0.9266,[ 300 2262],[ 547 2302]
30,O001,0.3586,[1519   38],[1632   77]
30,[行楷]教学版,0.8925,[1684   37],[1945  108]
30,氚忙佞邱攸佚佝佟佗伽彷,0.8049,[188 111],[1931  270]
30,余剑孚采金肟邸奂劬狄狁,0.6444,[181 288],[1949  446]
30,沌彻让汩泪沂汾讽汴汶沅,0.7307,[176 800],[1979  965]
30,伪泐忧呕忡忤忾怅忻忪怆,0.6044,[174 967],[1989 1150]
30,陀陂陉妍妩妪妣妊妗为,0.6932,[ 167 1306],[1873 1486]
30,妞,0.9617,[1821 1337],[1971 1473]
30,纾,0.1642,[ 178 1634],[ 324 1831]
30,玮牙玭玠玥玦盂黍,0.6503,[ 489 1648],[1989 1849]
30,8画,0.9968,[ 351 1706],[ 472 1781]
30,坼坻扼坨堀抿坳耶苷苯茎,0.6229,[ 168 2001],[1986 2212]
30,茏,0.7843,[ 193 2203],[ 343 2332]
30,苫,0.7997,[ 360 2211],[ 518 2332]
30,首苴再苟茌苻苓节,0.6118,[ 460 2207],[1819 2332]
30,苑,0.2625,[1782 2221],[1949 2332]
31,OBUV,0.3603,[1534   96],[1677  143]
31,[行楷]教学版,0.9398,[1649   90],[1986  166]
31,茑英莹茕苇苔枥枇杪香枧,0.6562,[179 157],[1987  338]
31,杵枨枞枋妞杷杼研砀刳奄,0.5356,[170 331],[1994  523]
31,瓯哑呷奇被,0.7513,[174 445],[ 359 1387]
31,殁郏轭郅鸾盱昊昙果昃,0.6818,[305 500],[1994  701]
31,呸昕昀果肪灵咔界虮咀,0.6108,[327 664],[2000  887]
31,龟,0.4976,[339 854],[ 525 1041]
31,岬,0.9947,[ 546 1026],[ 651 1201]
31,岫帙峋昴刿迥岷,0.5968,[ 645 1028],[1987 1192]
31,峄沓囵罔钍钎钏钒钕钗,0.8716,[ 340 1200],[1989 1373]
31,䏝肽肱肫剁迩郇狙狎狍狒,0.7323,[ 183 1887],[1960 2029]
31,心心心,0.9892,[1014 2071],[1473 2164]
31,书写时应多注意点,0.997,[ 676 2112],[ 971 2150]
31,心字底,0.98,[ 176 2129],[ 234 2245]
31,两点连写,0.9512,[ 348 2122],[ 489 2164]
31,画之间的连带呼应，末,0.9594,[ 599 2164],[ 971 2202]
31,两点可连写，注意卧钩,0.9901,[ 600 2219],[ 970 2252]
31,忠忠忠,0.9991,[1015 2234],[1468 2340]
31,下齐平,0.9985,[ 361 2272],[ 472 2323]
31,的写法。,0.9939,[ 598 2266],[ 737 2314]
32,通用,0.9868,[178  10],[310 111]
32,00,0.5799,[1493   30],[1630   69]
32,[行楷]教学版,0.9818,[1700   22],[1973   95]
32,规范汉字7000字,0.9979,[300  38],[670  87]
32,咎炙枭饯饴冽洗庖疠疝疡,0.8706,[193 127],[1958  258]
32,兖妾劾炜烟炖忻炝炔淋沭,0.5906,[177 288],[1974  448]
32,泯泓泾怙怵怦怛怏怍㤘怩,0.6792,[179 621],[1983  814]
32,怫怿宕穹宓诓谋诘诘戾诙,0.6105,[183 798],[1991  991]
32,诣诤诧浑诩戕孢亟陔妲妯,0.6868,[ 176 1136],[2007 1342]
32,玉珐珂,0.6226,[1487 1488],[2000 1687]
32,9画,0.9946,[1341 1549],[1463 1619]
32,英夷贯萃莒茼茴茱莲荞茯,0.6552,[ 235 2020],[1988 2226]
32,英,0.9919,[ 199 2032],[ 307 2186]
32,荏荇苓荟荀艾芙芳茫恶,0.5366,[ 182 2218],[1884 2326]
32,荣,0.3371,[1835 2237],[1947 2326]
33,通用,0.9538,[184   0],[320  88]
33,规范汉字7000字,0.9974,[313  11],[696  71]
33,[行楷]教学兼,0.8195,[1730   37],[2000  111]
33,荦荨荩荪茹荚药柰栉柯,0.6407,[194  83],[1994  289]
33,柘栊柩枰栌柙枵柚枳柞柝,0.6215,[199 280],[1984  460]
33,栀柢栎枸样柁枷柽刺酊,0.6192,[193 448],[1989  626]
33,甭砗砘砒斫砭矾奎耷虺殂,0.6147,[178 598],[2006  812]
33,恭哐眄眶 郢眇眊眈禺晒,0.5555,[181 950],[2005 1154]
33,峙峣罘帧峒峤峋峥观钚钛,0.674,[ 173 1646],[2004 1840]
33,钡钣钤钨钫钯氡氟牯郜秕,0.6982,[ 188 1834],[1984 1995]
33,广广广,0.8123,[1010 1998],[1509 2158]
33,首点高昂靠右，撇,0.9114,[ 678 2068],[ 980 2109]
33,病字旁,0.9771,[ 177 2083],[ 232 2205]
33,提术可与,0.7589,[ 459 2096],[ 500 2231]
33,右邮相连,0.649,[ 501 2097],[ 542 2231]
33,用附钩撇，点提可连写，,0.9736,[ 604 2120],[ 977 2162]
33,各个笔画之间的连带也,0.9986,[ 603 2174],[ 976 2212]
33,疼疼,0.9931,[1011 2179],[1326 2332]
33,疼,0.9841,[1358 2195],[1475 2321]
33,较为灵活，可连可断。,0.9911,[ 601 2225],[ 956 2269]
33,末用回锋钩,0.8501,[ 307 2257],[ 522 2298]
34,通用,0.9189,[184   0],[309  61]
34,规范汉字7000字,0.9933,[301   0],[677  53]
34,[行楷]教学版,0.9393,[1688    9],[1949   80]
34,秭竽笈笃俦俨俅俪叟垡华,0.7232,[189  80],[1936  250]
34,俣俚皈俑俟逅徇徉俞郗,0.8085,[181 252],[1950  426]
34,俎郁爰郭瓴胨胪胛肿脓脈,0.5644,[174 400],[1965  631]
34,胗胝胸胫钨匍狨狯胞狩猕,0.6719,[181 593],[1961  779]
34,匍逢昝饷饸饹胤挛娈弈奕,0.7019,[171 757],[1973  960]
34,闽,0.6094,[ 206 1103],[ 331 1303]
34,阂美迸灿首炳炽炯,0.6995,[ 301 1107],[1980 1304]
34,泊血浊洮洵浒浔尽洳恸恼,0.5571,[ 162 1443],[1994 1657]
34,恹恫恺恻恂恪恽宥扁祸衽,0.6965,[ 163 1620],[1995 1828]
34,衿袂祛祜祓祚诮祗称诰谁,0.6731,[ 170 1813],[1986 1999]
34,鹄昶郡咫弭將胥陛陟娅垣,0.7578,[ 171 1998],[1980 2180]
34,烧姝姣妍姹怼羿炱矜绔骁,0.6916,[ 167 2178],[1988 2332]
35,通用规范汉字7000字,0.9842,[164   0],[693 102]
35,[行楷]学照,0.8707,[1721   36],[1982  108]
35,骅衍绛骈,0.5977,[192 107],[844 276]
35,挈珥珙颈挡,0.5512,[1019  126],[1960  266]
35,10画,0.9969,[853 147],[1019  232]
35,埚,0.4621,[379 450],[481 646]
35,挹者耄埒捋贽捃盍,0.6732,[432 454],[1983  636]
35,邦桓桡桎桢桤梃栝柏桁桧,0.6619,[260 989],[1990 1152]
35,栟按栩逑逋或鬲豇酐逦,0.6367,[ 320 1161],[1990 1322]
35,森砝砹砺砧砷砟砼砥砣,0.6995,[ 347 1317],[1987 1506]
35,袭轼轻辂鸫歪龀鸬虔逍,0.6719,[ 280 1500],[1980 1657]
35,灼畛蛱蚜蚍蚋蚬蚝唢,0.6723,[ 186 1847],[1970 2002]
35,走走走,0.9952,[1001 2023],[1475 2189]
35,走字旁下部写法可,0.9975,[ 675 2057],[ 971 2098]
35,长横左部长,0.8242,[ 277 2085],[ 318 2260]
35,走字底,0.9873,[ 174 2098],[ 230 2226]
35,用流动线，书写时，应,0.9851,[ 600 2109],[ 969 2150]
35,走,0.9916,[ 347 2119],[ 493 2257]
35,注意流动线的写法和整,0.9984,[ 600 2163],[ 970 2201]
35,越越越,0.9984,[1007 2204],[1478 2318]
35,体长短、角度与收放的,0.9874,[ 597 2216],[ 969 2254]
35,右部宜齐,0.984,[ 347 2259],[ 495 2307]
35,不同。,0.9824,[ 597 2269],[ 704 2318]
36,通用,0.974,[173   0],[301  82]
36,规范汉字7000字,0.9967,[295   5],[675  72]
36,[行楷]数学版,0.8778,[1710   37],[1973  107]
36,圄唣唏盎唑崂崃罡罟峪觊,0.771,[188 101],[1967  268]
36,赅钰钲钻钵钹钱钽钼钿铀,0.7919,[189 291],[1961  440]
36,铂铄铆铈铉铊铋铌铍钹铎,0.8152,[185 452],[1966  619]
36,笏笆俸倩俵偌俳俶倬您,0.729,[159 764],[1992  979]
36,倭倪俾倜隼隽倌倥臬皋郫,0.7249,[173 960],[1990 1146]
36,倨衄欣徕舫釜奚衾胯胱胴,0.8088,[ 176 1135],[1990 1305]
36,狳猃狺逖桀袅饽淞栾挛毫,0.814,[ 170 1457],[1991 1649]
36,痈疸疽痈疱痂痉衮凋顽,0.82,[ 309 1648],[1979 1822]
36,郸,0.9991,[ 194 2010],[ 363 2160]
36,烜烨烩烊剡郯烬涑语涞,0.5829,[ 298 2012],[1960 2159]
36,涟,0.5626,[ 206 2202],[ 309 2304]
36,娑湿涠泛涓浥涔浜浠浣,0.7826,[ 349 2195],[1957 2306]
37,通用,0.9975,[184   0],[318  86]
37,规范汉学7000字,0.9498,[313  12],[695  73]
37,[行楷]学成,0.8899,[1741   26],[2011  105]
37,浚悚悭悝悒悌悛宸窈剜,0.7224,[201 102],[1997  276]
37,冢诼袒袢祯诿谀谂谄履,0.7241,[197 279],[1997  455]
37,屙陬勐奘牂蚩陲姬娠娌娉,0.7267,[190 449],[1997  631]
37,娲娩娴娣娓婀奋逡便骊绡,0.7884,[192 629],[1992  795]
37,骋绥绦绨骎邕鸶,0.8308,[192 802],[1334  972]
37,彗耜焘,0.8872,[1509  803],[1989  966]
37,11画,0.9975,[1338  832],[1493  917]
37,春琏琇麸揶埴埯捯掳掴场,0.5978,[189 975],[1998 1144]
37,睡赧埤捭逵埝棚堍掬鸷掖,0.5418,[ 179 1119],[2011 1333]
37,捽接掸捩掮囊埭埽掇掼,0.6157,[ 176 1299],[2009 1490]
37,聃菁萁菘堇萘萋菽葛萜萸,0.7319,[ 169 1449],[2018 1687]
37,萑棻菔菟萏萃菏菹菪菅菀,0.698,[ 176 1644],[2008 1841]
37,萦菰菡梵梿梏觋桴桷梓税,0.747,[ 201 1846],[1988 1987]
37,西西西,0.9941,[1018 2023],[1479 2160]
37,化方为圆,0.9908,[ 181 2070],[ 234 2222]
37,略带强度不可过度,0.8944,[ 271 2071],[ 552 2112]
37,直笔变弧笔是行楷,0.9983,[ 680 2071],[ 977 2110]
37,常用的书写方式，但仍,0.9941,[ 605 2122],[ 975 2166]
37,西,0.8822,[ 338 2143],[ 480 2246]
37,须方圆兼备，塑其形而,0.9943,[ 604 2174],[ 975 2220]
37,面,0.9993,[1032 2201],[1146 2318]
37,面,0.9984,[1194 2206],[1311 2312]
37,强其骨。,0.9807,[ 602 2225],[ 745 2275]
38,迪用,0.7265,[151   0],[285  78]
38,规范汉字7000字,0.9948,[283   4],[668  73]
38,00,0.5813,[1508   33],[1651   76]
38,[行楷]教学版,0.9515,[1717   35],[1977  118]
38,桫棂啬郾匮敕豉鄄酞酚夏,0.6362,[165  92],[1965  285]
38,硼磺硒碘硫酮硒硌鸸瓠匏,0.6236,[167 276],[1981  461]
38,厩龚殒殓殍责雩辄堑睦眦,0.7246,[169 440],[1985  640]
38,蛎蛆蛐蛊圉蚱蛉蛏蚴啁啕,0.7366,[170 955],[1995 1147]
38,筒,0.9471,[ 179 1968],[ 322 2162]
38,笞笳笾笞债偃偕偈傀,0.7069,[ 302 1994],[1865 2164]
38,翎,0.9749,[1869 2160],[1991 2314]
38,皑皎鸻徜舸舻舫舷龛,0.6701,[ 337 2174],[1848 2322]
38,偻,0.8628,[ 178 2189],[ 325 2322]
39,通用,0.9953,[168   0],[326  83]
39,规范汉字7000字,0.9972,[293  10],[679  79]
39,[行楷]教学版,0.9135,[1724   29],[1992  107]
39,脬脘脲匐猗猡猞猝解猕馗,0.8172,[186 102],[1979  274]
39,踝馄鸾孰度庾痔痍疵羽旌,0.7571,[176 289],[1978  453]
39,袤阁阈阉闾阋阁阙轻粝,0.6936,[323 465],[1975  629]
39,谝逯郿隈棠隍隗情婊婕娼,0.5999,[ 166 1503],[1992 1698]
39,婢婵胬袈翌恿欲绫骐绮绯,0.8026,[ 168 1673],[1979 1867]
39,徜骒混骓绶绺绻绾骖缁,0.6331,[ 186 1869],[1799 2024]
39,12画,0.9991,[1817 1915],[1959 1975]
39,童童童,0.995,[ 992 2052],[1471 2205]
39,诸横收放,0.9712,[ 176 2096],[ 227 2249]
39,诸横长短各不同,0.9044,[ 301 2102],[ 538 2149]
39,横画多的字，横画,0.9855,[ 655 2137],[ 952 2184]
39,童,0.9873,[ 320 2147],[ 491 2311]
39,的长短应有收有放，收,0.9957,[ 583 2188],[ 950 2239]
39,放有致。,0.9573,[ 580 2239],[ 719 2292]
39,着,0.449,[1028 2243],[1114 2318]
39,去,0.9447,[1207 2250],[1282 2314]
39,去,0.989,[1374 2255],[1440 2310]
40,通用,0.9832,[158   0],[294 103]
40,规范汉字7000字,0.9983,[287  20],[671  97]
40,[行楷]学版,0.9217,[1713   59],[1981  133]
40,000,0.7593,[1511   69],[1636  105]
40,耠琫琵琶琪瑛琦琥琨靓淡,0.7693,[178 125],[1974  298]
40,琮琯琬琛琚辇飞揳蝶搽揸,0.638,[160 291],[1990  494]
40,堙趄揖颉塄揿耄揄蛩,0.555,[291 477],[1980  673]
40,摒揆掾聒葑葚轨报葳葺,0.4972,[316 638],[1988  856]
40,萼葆葩亭萋萱戟葭楮棼,0.8001,[276 826],[1981 1016]
40,蛘喁喟啾嗖喑嗟喽嗞喀喔,0.7751,[ 154 1862],[1960 2064]
40,喙嵘嵖崴遄詈隅崽嵬嵛嵯,0.6975,[ 157 2039],[1948 2245]
40,小米,0.785,[ 188 2237],[ 292 2294]
40,1.2,0.6051,[ 353 2250],[ 463 2297]
40,上口,0.5452,[ 504 2258],[ 598 2293]
41,[行楷]教李版,0.805,[1703   34],[1972  111]
41,锇锉锏锑银锔锕掣燃氰毳,0.6005,[175 107],[1969  283]
41,焯焜焙焱鹈湛渫洒湎湿渭,0.6829,[ 157 1488],[1981 1652]
41,湍湫溲湟淑缓渝澹渥湄滁,0.6583,[ 159 1657],[1985 1837]
41,愠惺愦惴愀愎愔尝寐谟扉,0.8031,[ 165 1848],[1955 1993]
41,动动动,0.9992,[1004 2026],[1471 2167]
41,搬末插在左下,0.678,[ 295 2061],[ 344 2319]
41,穿插合理,0.9815,[ 163 2074],[ 216 2229]
41,合体之字，要互相,0.9804,[ 661 2080],[ 962 2121]
41,动,0.9965,[ 370 2109],[ 512 2245]
41,合抱，互带穿插，礼让,0.9237,[ 584 2134],[ 962 2173]
41,相揖，其形合一，严防,0.9841,[ 583 2185],[ 962 2226]
41,故故故,0.9981,[1006 2205],[1478 2320]
41,各尽其态而失整字之势。,0.993,[ 585 2241],[ 960 2280]
42,通用,0.7664,[176   0],[304  71]
42,规范汉字7000字,0.9708,[298   4],[678  60]
42,10008,0.6411,[1509    9],[1654   56]
42,[行楷]教学版,0.9723,[1720    8],[1992   84]
42,连程涧祾祺谠幂谡谥谧遐,0.6546,[185  91],[1978  253]
42,孱弼巽鹭媪媛婷疏翚皴婺,0.8021,[179 256],[1993  449]
42,耢瑚瑁瑜瑗瑄瑕遨鹜,0.6569,[488 600],[1998  815]
42,13画,0.9982,[344 662],[492 738]
42,擒搛搠槟彀毂搦搡蓁戡,0.6137,[162 950],[1838 1154]
42,槎榉楦楣楹椽裘剽甄酮酰,0.8812,[ 167 1650],[1994 1870]
42,辏龃龅訾粲虞睚嗪韪嗷叶,0.6378,[ 170 2006],[1974 2203]
42,睨睢雎睥嘟嗑嗫嗬嗔嗝戳,0.6723,[ 192 2200],[1950 2322]
43,[行楷]最学版,0.903,[1700   49],[1976  125]
43,嗄煦暄遢睽跬跶跸跐跣跹,0.7376,[183 130],[1966  286]
43,跻蛸蜊蜍蜉蜣畹蛹嗣嗯嗥,0.8719,[182 296],[1971  469]
43,嗲嗳嗌嗍嗨嗐嗤嗵罨嵊嵩,0.6313,[171 447],[1978  653]
43,嵴骰锗锛锜锝锞锟铜锨锩,0.7042,[171 620],[1982  834]
43,貊貅貉颔腠腩肠腭腧腠腠,0.6807,[ 180 1154],[1989 1336]
43,詹鲅鲜鲇鲈稣鲋鲐肆鹃飕,0.7406,[ 176 1318],[1989 1514]
43,觥遛馐鹑亶瘃痱痈痿瘦瘁,0.5974,[ 173 1492],[1989 1681]
43,疹麂裔歆旒雍阖阗阙羧泰,0.7296,[ 174 1657],[1986 1849]
43,粳猷煳煜煨煅煊煸艰滟溱,0.7634,[ 190 1853],[1965 1997]
43,22,0.8943,[1026 2046],[1335 2162]
43,横腕之笔，要圆润,0.9887,[ 668 2061],[ 968 2102]
43,批劲有力,0.7593,[ 407 2075],[ 549 2119]
43,2,0.9878,[1356 2068],[1454 2148]
43,横腕俊秀,0.9749,[ 180 2084],[ 225 2244]
43,不可过考,0.8305,[ 410 2114],[ 550 2156]
43,俊秀，忌生硬粗抽，书写,0.9365,[ 593 2117],[ 966 2155]
43,飞,0.5414,[ 345 2154],[ 463 2246]
43,,0.0,[ 596 2172],[ 966 2205]
43,度，弯下部的平稳，还要,0.9885,[ 594 2225],[ 967 2258]
43,元元元,0.9989,[1022 2219],[1471 2326]
43,自然面转不可过夫,0.8216,[ 281 2284],[ 553 2322]
43,体现笔画的舒展圆劲。,0.9884,[ 593 2279],[ 935 2317]
44,迪用,0.8549,[177   0],[306  78]
44,规范汉字7000字,0.9653,[300   6],[684  65]
44,[行楷]数学版,0.9065,[1733   22],[2004  106]
44,渎漭滢溥漂潺裳涓溷滗,0.5998,[188  93],[1993  269]
44,澳滏潺滦溏滂滓溟濒愫慑,0.6359,[184 274],[1991  453]
44,慊当骞窦窠窣裱诸裨裾,0.6449,[172 442],[1996  625]
44,禊谩谪媾嫫媲嫒嫔媸缙缜,0.7542,[172 613],[1995  808]
44,褥辔骝缟缡缢缣骗,0.6128,[173 790],[1494  981]
44,耥,0.5225,[1662  813],[1879  958]
44,14画,0.9994,[1495  844],[1646  919]
44,撂摞樱翥踅摭墉墒穀蓁叶,0.4955,[ 170 1125],[1992 1329]
44,蔷辣靼鞅锄甍苑蔟蔺戏叶,0.5839,[ 171 1307],[1985 1491]
44,棒,0.5269,[1740 1485],[1972 1665]
45,司,0.327,[178   0],[310  72]
45,规范汉字7000字,0.9965,[299   4],[677  61]
45,800E,0.4925,[1500    9],[1652   53]
45,[行楷]教学版,0.9506,[1717    4],[1989   77]
45,蜩蜷蜿螂蜢嘘嘡鹗嘣嘤嘚,0.7905,[192 103],[1975  239]
45,嗾嘧黑罱幔嶂幛赙罂骷骶,0.6841,[186 274],[1980  427]
45,鹃锲锴锶锷锸锵镁镂犒箐,0.8352,[177 438],[1980  608]
45,箦箧箍箸箬算箪简管菀策,0.5724,[166 593],[1992  795]
45,毓僖儆傈僭僮魃魆睾艋,0.6856,[165 763],[1995  974]
45,鄱膈膑鲑鲔鲚鲛鲟獐觫雏,0.8132,[174 963],[1987 1134]
45,夤馑銮塾麽痢瘊痿瘙廖韵,0.5991,[ 168 1130],[1990 1311]
45,漳漩澉潍慵搴窨寤綮谮裕,0.6671,[ 172 1650],[1991 1836]
45,稽褓褛褊谁谰谲暨屣鹛嫣,0.6054,[ 188 1846],[1970 1994]
45,歹,0.8553,[1024 2047],[1138 2166]
45,歹歹,0.8332,[1175 2041],[1469 2172]
45,斜字有力,0.9905,[ 179 2066],[ 226 2219]
45,聚重有力,0.803,[ 308 2066],[ 450 2113]
45,不可一掠而过,0.9235,[ 309 2102],[ 516 2152]
45,身斜之字，应着重,0.9852,[ 667 2103],[ 963 2152]
45,笔画的力度，增强坚挺,0.9946,[ 590 2154],[ 962 2206]
45,丝,0.4334,[ 344 2164],[ 456 2280]
45,之意。,0.9966,[ 586 2204],[ 689 2258]
45,,0.0,[1047 2232],[1115 2276]
45,人,0.6334,[1391 2234],[1453 2276]
46,[行楷]教学版,0.9362,[1711   15],[1978   86]
46,嫱嫖嫦嫚嫘嫡鼐翟瞀鹜骠,0.7973,[202 106],[1964  243]
46,耦耧瑾,0.9106,[1496  262],[1968  420]
46,缥缦缧缨骢缪缫,0.7053,[202 282],[1316  411]
46,15画,0.9985,[1334  305],[1477  372]
46,璜璀璎璁璋璇爽髯髻撷撅,0.7264,[188 428],[1978  593]
46,赭撸鉴撙撺墀聩觐鞑蕙骄,0.6494,[186 600],[1982  764]
46,磙霈辘龉龊觑瞌瞋瞑嘭噎,0.6703,[ 174 1086],[1992 1271]
46,噶颙暹啾踔踝踟踒踬踮踯,0.6725,[ 176 1265],[1990 1433]
46,踺踞蝽蝾蝓蝰蝮螋蝓蝣蝼,0.7474,[ 155 1414],[2002 1623]
46,噗嘬颚噍噢噙噜噌噔颛幞,0.7725,[ 137 1588],[2004 1809]
46,微磐虢鹞膘滕鲠鲡鲢鲣鲋,0.6991,[  86 2141],[1986 2310]
47,通用,0.8826,[168   0],[302  82]
47,规范汉字7000字,0.9895,[286   3],[685  72]
47,[行楷]教学版,0.9523,[1732   34],[1999  104]
47,鲧鲩獗獠解馓馔麾尘瘛瘼,0.6402,[193 109],[1975  271]
47,瘢瘠齑羯羰楂遴糟糍糅熜,0.7059,[182 280],[1989  458]
47,熵熠澍澌潜潦潲釜潟潼潺,0.6432,[180 457],[1978  629]
47,憬憧寮窳猷槛褟褫谵熨屦,0.6115,[178 623],[1989  809]
47,耩,0.738,[1833  792],[1970  969]
47,嬉勰戮蝥缮繒驿畿,0.525,[180 805],[1664  988]
47,16画,0.9987,[1664  845],[1811  916]
47,耨耪璞璟靛璠璘聲螯髻髭,0.7232,[180 981],[1986 1141]
47,髹擀熹甏擞縠磬颞蕻鞘颟,0.4834,[ 164 1131],[2001 1349]
47,檎橹樽樨橼墼橐翮醛醐醍,0.7523,[ 162 1474],[2013 1682]
47,遽氅膘瞠瞰嚄嚆噤暾蹀踹,0.7163,[ 169 1823],[1997 2009]
47,昌昌,0.9947,[1170 2001],[1489 2174]
47,上下结构的字，上、,0.9857,[ 679 2016],[ 980 2061]
47,昌,0.9963,[1023 2015],[1176 2159]
47,同形相叠,0.9864,[ 180 2071],[ 244 2230]
47,下两个部件为同一部,0.9981,[ 608 2071],[ 980 2109]
47,昌,0.9972,[ 348 2115],[ 474 2253]
47,件，那么一般上面的部,0.9882,[ 606 2123],[ 979 2160]
47,件小于下面的部件，显,0.9838,[ 606 2176],[ 978 2212]
47,炎炎,0.9989,[1022 2177],[1332 2328]
47,炎,0.9981,[1306 2180],[1486 2328]
47,得上紧而下松，上小而,0.9788,[ 606 2226],[ 978 2266]
47,下大。,0.9834,[ 608 2281],[ 709 2328]
48,通用,0.9868,[166   0],[307  94]
48,规范汉字7000字,0.9982,[296  14],[684  93]
48,[行楷]教学版,0.965,[1733   37],[1999  114]
48,踵踽蹉蹁螨蟒螈螅螭螠螟,0.6869,[182 113],[1988  297]
48,濂褰寰窸褶禧嬖隰嬗,0.6536,[ 156 1472],[1995 1692]
48,璨璩璐璪螫擤壕,0.6297,[ 815 1658],[1988 1860]
48,17画,0.9979,[ 667 1719],[ 813 1793]
48,觳罄擢薹鞡鞬薷薰藓藁檄,0.556,[ 156 1834],[1983 2031]
48,檩懋醯翳礅磴鹩龋龌幽壑,0.6119,[ 163 2015],[1965 2199]
49,通用,0.9492,[175   0],[308  77]
49,规范汉字7000字,0.9922,[301   8],[673  67]
49,[行楷]数学版,0.8766,[1724    1],[2000   75]
49,蟑嚓羁罽罾嶷黜黝髁牌镡,0.691,[192 102],[1973  247]
49,锹镣镦镧镩镪镫罅黏簌篾,0.7324,[186 271],[1982  429]
49,篼簋黛儡鹪鼾皤魍龠,0.5743,[183 446],[1977  597]
49,繇貘邈貔臌膻臆臃鲼鲽鳀,0.7197,[182 614],[1984  769]
49,鳃鳅鳇鳊螽燮鸾襄叶縻膺,0.7182,[176 771],[1982  950]
49,襁檗擘孺隳嬷蟊鹬鍪,0.7233,[ 171 1118],[1648 1279]
49,18画,0.9986,[1650 1156],[1802 1230]
49,蹚鹭蟛蟪蟠蟮鹮黠黟髅体,0.5101,[ 136 1584],[2010 1825]
49,镬镭镯馥簟簪鼬雠艟鳎鳏,0.7138,[ 143 1773],[1996 2016]
49,鳐癞癔癜癖糨鳖鎏懵彝邋,0.5768,[ 147 1980],[1991 2170]
49,松攉攒鞲鞴藿蘧蘅麓醮,0.4754,[ 320 2166],[1993 2336]
49,19画,0.9989,[ 139 2217],[ 295 2295]
50,通用,0.9908,[154   0],[285  85]
50,规范汉字7000字,0.9664,[273   5],[658  77]
50,[行楷]教学版,0.9679,[1701   30],[1982  116]
50,醯酃霪霭霨黼听蹰蹶蹽蹼,0.6682,[178 114],[1964  274]
50,蹴蹾蹿蠖蠓蟾蠊黢髌髌镲,0.6771,[170 293],[1972  462]
50,籀籁鼩魑艨鳓鳔鳕鳗鳙麒,0.6967,[159 454],[1981  648]
50,尘羸㸆瀚瀣瀛襦谶襞骥缵,0.5924,[150 610],[1982  838]
50,瓒攘蘩蘖醴霰酆矍曦,0.788,[318 813],[1822  999]
50,20画,0.9995,[159 853],[318 944]
50,瓘鼙醺,0.7184,[1470 1162],[1977 1357]
50,臜鳜鳝鳟獾孀骧,0.8543,[ 165 1183],[1299 1338]
50,21画,0.999,[1302 1223],[1455 1292]
50,礴颦曩鳢癫麝夔爝灝禳璧,0.4367,[ 144 1332],[1985 1540]
50,耱懿蘸鹳霾氍饕躐,0.7734,[ 637 1520],[1974 1710]
50,22画,0.9991,[ 479 1557],[ 635 1642]
50,鬟遗攫攥欢,0.5897,[1140 1708],[1963 1888]
50,23画,0.9992,[ 965 1752],[1118 1826]
50,躜鼹癯麟蠲,0.6575,[ 157 1877],[ 956 2045]
50,蠹躞衢鑫灞,0.7934,[1141 1896],[1941 2057]
50,24画,0.9995,[ 962 1933],[1114 2006]
50,襻,0.7572,[ 165 2046],[ 292 2201]
50,纛鬣攮囔馕戇,0.731,[ 497 2064],[1434 2220]
50,25画,0.9992,[ 312 2096],[ 464 2166]
50,爨,0.8801,[1644 2087],[1761 2221]
50,30画,0.9978,[1454 2118],[1608 2192]
50,36画,0.9979,[1781 2119],[1927 2185]
50,台,0.4172,[ 168 2221],[ 285 2318]
